MTI(4단위),품목(4단위),번역(4단위),,MTI(6단위),품목(6단위),번역(6단위),KSIC 코드,KSIC 산업명,HS CODE
111,곡류,cereal crops,,11110,쌀,Rice,,,1006.10-0000/1006.20-1000/1006.20-2000/1006.30-1000/1006.30-2000/1006.40-0000
112,서류,grain,,11120,보리,Barley,,,1003.10-1000/1003.10-2000/1003.10-3000/1003.10-9000/1003.90-1000/1003.90-2000/1003.90-3000/1003.90-9000
113,두류,beans,,11130,밀,Wheat,,,1001.11-0000/1002.90-0000/1002.10-0000/1001.99-9090/1001.99-9010/1001.99-2090/1001.99-2010/1001.91-9000/1001.91-1000/1001.19-0000/1008.10-0000
114,곡분,grain powder,,11140,옥수수,Corn,,,1005.10-0000/1005.90-2000/1005.90-9000
115,채유종실,oil-producing chamber,,11160,수수,sorghum,,,1007.10-0000/1007.90-0000
116,과실류,fruits,,11190,곡류,cereal crops,,,1004.10-0000/1004.90-0000/1008.29-1000/1008.29-9000/1008.30-0000/1008.40-0000/1008.50-0000/1008.60-0000
125,견과류,Nuts,,11210,감자,Potato,,,0701.10-0000/0701.90-0000/0710.10-0000/0712.90-2093/2004.10-0000/2005.20-1000/2005.20-9000
131,식물성유지,vegetable oil,,11230,타피오카,tapioca,,,0714.10-1000/0714.10-2010/0714.10-2020/0714.10-2090/0714.10-3000/0714.10-4000/1903.00-1000/1903.00-9000
132,유지 가공품,oil and fat products,,11310,대두,soybean,,,1201.10-1000/1201.10-9000/1201.90-1000/1201.90-2000/1201.90-3000/1201.90-9000/1208.10-0000
135,박류,gourd,,11390,두류,beans,,,0604.20-9000/3809.10-0000/3505.10-9090/3505.10-9010/3505.10-5090/3505.10-5010/3505.10-4090/3505.10-4010/3505.10-3000/3505.10-2000/3505.10-1000/1106.20-9000/0814.00-2000/0814.00-1000/0604.90-9000/0604.90-1000/3824.60-0000
136,사료,feedstuff,,11420,보리가루,barley flour,10612,곡물 제분업,1102.90-1000/1103.19-1000/1103.20-3000/1104.19-2000/1104.29-2000/1107.10-0000/1107.20-1000/1107.20-9000
143,소스류,sauces,,11430,밀가루,Flour,,,1008.90-0000/1101.00-1000/1103.11-0000/1103.20-1000/1108.11-0000
151,커피류,Coffee,,11490,곡분,grain powder,10612,곡물 제분업,1211.60-9000/1211.90-9090/1404.20-0000/1404.90-1000/1404.90-4000/1404.90-5000/1404.90-9000/1803.10-0000/1803.20-0000
152,초코렛 및 코코아조제품,Chocolate and cocoa products,,11510,땅콩,peanut,,,1202.30-1000/1202.30-2000/1202.41-0000/1202.42-0000/2008.11-1000/2008.11-9000
157,주류,alcoholic liquors,,11540,해바라기씨,sunflower seeds,,,1206.00-0000
158,당류,sugar stream,,11560,아마인,flax seed,,,1204.00-0000
159,음료,Beverage,,11590,채유종실,oil-producing chamber,,,1203.00-0000/1208.90-1000/1207.99-9000/1207.99-2000/1207.91-0000/1207.70-0000/1207.60-0000/1207.50-0000/1207.29-9000/1207.29-1000/1207.21-0000/1207.10-0000/1205.90-9000/1205.90-1000/1205.10-9000/1205.10-1000/1208.90-9000
161,사탕 또는 과자류,sweets or confectionery,,11602,배,pear,,,0808.30-0000
169,농산가공품,agricultural products,,11605,살구,Apricot,,,0809.10-0000/0813.10-0000
170,종자류,Seeds,,11608,버찌,cherries,,,0809.21-0000/0809.29-0000/0812.10-0000
191,천연섬유원료,natural fiber raw material,,11613,대추야자,date palm,01131/01152/10309,"과실작물 재배업/채소,화훼 및 과실작물 시설 재배업/기타 과실 채소 가공 및 저장처리업",0804.10-0000
221,가축육류,livestock meat,,11616,망고,Mango,01131/01152/10309,"과실작물 재배업/채소,화훼 및 과실작물 시설 재배업/기타 과실 채소 가공 및 저장처리업",0804.50-2000
229,육류,meats,,11617,바나나,Banana,01131/01152/10309,"과실작물 재배업/채소,화훼 및 과실작물 시설 재배업/기타 과실 채소 가공 및 저장처리업",0803.10-0000/0803.90-0000
231,동물성유지,animal oil,,11618,오렌지,Orange,01131/01152/10309,"과실작물 재배업/채소,화훼 및 과실작물 시설 재배업/기타 과실 채소 가공 및 저장처리업",0805.10-0000
241,육류가공품,meat-processed goods,,11621,포도,grape,,,0806.10-0000/0806.20-0000
242,꿀 및 로얄제리,Honey and royal jelly,,11690,과실,fruits,,,0801.21-0000/0810.40-0000/0810.60-0000/0810.90-9000/0811.20-0000/0811.90-2000/0811.90-3000/0811.90-9000/0812.90-9000/0813.40-9000/1106.30-0000/0810.30-0000/0810.20-0000/0807.20-0000/0801.22-0000/0801.31-0000/0801.32-0000/0804.40-0000/0804.50-1000/0804.50-3000/0805.21-9000/0805.22-0000/0805.29-0000/0805.40-0000/2308.00-2000
243,낙농품,dairy products,,12520,호도,walnuts,,,0802.31-0000/0802.32-0000
245,단백질류,Proteins,,12550,아몬드,almond,,,0802.11-0000/0802.12-0000
250,모류,animal hair,,12560,코코넛,coconut,10309,기타 과실 채소 가공 및 저장처리업,0801.11-0000/0801.12-0000/0801.19-0000/1801.00-1000/1801.00-2000
311,원목,solid wood,,12590,견과류,nuts,01152/02030/10309,"coth, 화훼 및 과실작물 시설 재배업/임산물 채취업/기타 과실, 채소 가공 및 저장처리업",0802.21-0000/2106.90-9060/0802.99-9000/0802.80-0000/0802.70-0000/0802.62-0000/0802.61-0000/0802.52-0000/0802.51-0000/0802.22-0000/2308.00-1000
419,어류,Fish,,13120,참기름,Sesame oil,10402,식물성 유지 제조업,1515.50-0000/1516.20-1050
470,수산부산물,fishery by-products,,13190,식물성유지,vegetable oil,10402,식물성 유지 제조업,3301.90-3000/1516.20-1020/1516.20-1010/1515.90-9090/1515.90-9040/1515.90-9030/1515.90-9020/1515.90-9010/1515.60-0000/1515.30-0000/1515.29-0000/1515.21-0000/1515.19-0000/1515.11-0000/1516.20-1030/1516.20-2010/1516.20-2020/3301.90-2000/3301.90-1000/3301.30-0000/3301.29-0000/3301.25-0000/3301.24-0000/3301.19-0000/3301.13-0000/3301.12-0000/1516.30-0000/1516.20-2090/1516.20-2040/1516.20-2030/1514.99-9000/1514.99-1020/1512.21-0000/1512.19-9020/1512.19-9010/1512.19-1020/1512.19-1010/1512.11-2000/1512.11-1000/1511.90-9000/1511.90-2000/1511.90-1000/1511.10-0000/1508.90-9000/1508.90-1000/1512.29-1000/1512.29-9000/1513.11-0000/1514.99-1010/1514.91-2000/1514.91-1000/1514.19-9000/1514.19-1000/1514.11-0000/1513.29-9000/1513.29-1020/1513.29-1010/1513.21-2000/1513.21-1000/1513.19-9000/1513.19-1000/1508.10-0000
1111,금,gold,,13290,유지가공품,oil and oil products,10403,식용 정제유 및 가공유 제조업,1517.90-1000/1517.90-2000/1517.90-9000/1518.00-1000/1518.00-2000/1518.00-9010/1518.00-9090
1120,철광,iron mine,,13500,박류,gourd,33999,그 외 기타 달리 분류 되지 않은 제품 제조업,1802.00-1000/2306.20-0000/2306.30-0000/2306.41-0000/2306.49-0000/2306.50-0000/2306.60-0000/2306.90-1000/2306.90-2000/2306.90-3000/2306.90-9000/2306.10-0000/2305.00-0000/2304.00-0000/1802.00-9000/2302.10-0000/2302.30-0000/2302.40-1000/2302.40-9000/2302.50-0000/2303.10-0000/2303.20-0000/2303.30-1000/2303.30-9000/2307.00-0000
1130,동광,copper mine,,13600,사료,feedstuff,,,1001.99-1010/2309.90-1030/2309.90-1040/2309.90-1091/2309.90-1099/2309.90-2010/2309.90-2020/2309.90-2091/2309.90-2099/2309.90-3010/2309.90-3020/2309.90-3030/2309.90-3090/2309.90-9010/2309.90-1020/2309.90-1010/1001.99-1090/1005.90-1000/1213.00-0000/1214.10-1000/1214.10-9000/1214.90-1000/1214.90-9011/1214.90-9019/1214.90-9090/2308.00-3000/2308.00-9000/2309.10-1000/2309.10-2000/2309.90-9090
1140,알루미늄광,aluminum ore,,14330,고추장,red pepper paste,10741/10742,"식초, 발효 및 화학 조미료 제조업/천연 및 혼합 조제 조미료 제조업",2103.90-1030
1160,아연광,zinc ore,,14350,겨자,Mustard,10742,천연 및 혼합 조제 조미료 제조업,2103.30-1000/2103.30-2000
1190,금속광물,metallic mineral,,14360,마요네즈,Mayonnaise,10741/10742,"식초, 발효 및 화학 조미료 제조업/천연 및 혼합 조제 조미료 제조업",2103.90-9010
1220,소금,Salt,,14370,카레,Curry,10741/10742,"식초, 발효 및 화학 조미료 제조업/천연 및 혼합 조제 조미료 제조업",2103.90-9020
1290,비금속광물,nonmetallic mineral,,14390,소스류,sauces,10742,천연 및 혼합 조제 조미료 제조업,2103.20-2000/2103.90-1020/2103.90-1090/2103.90-9030/2103.90-9040/2103.90-9090
1310,원유,crude oil,,15110,커피,Coffee,,,0901.11-0000/0901.12-0000/0901.21-0000/0901.22-0000/0901.90-1000/0901.90-2000
1321,무연탄,anthracite coal,,15120,커피 조제품,coffee preparation,10791,커피 가공업,2101.11-1000/2101.11-9000/2101.12-1000/2101.12-9010/2101.12-9090/2106.90-9010
1322,유연탄,bituminous coal,,15210,초코렛,chocolate,10713,과자류 및 코코아 제품 제조업,1806.20-1000/1806.31-1000/1806.32-1000/1806.90-1000
1334,나프타,naphtha,,15220,코코아조제품,cocoa products,10713,과자류 및 코코아 제품 제조업,1804.00-0000/1806.90-9010/1806.90-2290/1806.32-9000/1806.31-9000/1806.20-9090/1806.20-9010/1806.10-0000/1805.00-0000/1806.90-9090
1336,윤활유,Lubricating oil,,15720,맥주,Beer,11113,맥아 및 맥주 제조업,2203.00-0000
1340,천연가스,natural gas,,15740,포도주,Wine,11119,기타 발효주 제조업,2204.10-0000/2204.29-9000/2204.29-2000/2204.29-1000/2204.22-9000/2204.22-2000/2204.22-1000/2204.21-9000/2204.21-2000/2204.21-1000/2204.30-0000
1350,LPG,LPG,,15750,위스키,Whiskey,11129,기타 증류주 및 합성주 제조업,2208.30-1000/2208.30-2000/2208.30-3000/2208.30-9000
2110,기초유분,basic oil,,15760,브랜디,Brandy,11129,기타 증류주 및 합성주 제조업,2208.40-0000/2208.50-0000/2208.90-1000
2140,합성수지,synthetic resin,,15790,주류,alcoholic liquors,11119,기타 발효주 제조업,2205.10-0000/2207.10-9090/2207.20-0000/2208.20-1000/2208.20-9000/2208.60-0000/2208.70-2000/2208.70-9000/2208.90-6000/2208.90-7000/2207.10-9010/2207.10-1000/2206.00-9090/2205.90-0000/2206.00-1010/2206.00-1020/2206.00-1090/2206.00-2010/2206.00-2020/2206.00-2030/2206.00-2090/2206.00-9010/2208.90-9000
2212,안료,pigment,,15810,원당,raw sugar,10720,설탕 제조업,1701.12-1000/1701.12-2000/1701.13-0000/1701.14-1000/1701.14-2000
2230,접착제,Glue,,15820,정당,political parties,10720,설탕 제조업,1701.91-0000/1701.99-0000
2262,의약품,Medication,,15830,당밀,molar wheat,10720,설탕 제조업,1703.10-1000/1703.10-9000/1703.90-1000/1703.90-9000
2273,화장품,Cosmetics,,15890,당류,sugar stream,10620,전분제품 및 당류 제조업,1702.11-1000/1702.90-3000/1702.90-2000/1702.60-2000/1702.60-1000/1702.50-0000/1702.40-2000/1702.40-1000/1702.30-2000/1702.30-1000/1702.20-2000/1702.20-1000/1702.19-9000/1702.19-1000/1702.11-9000/1702.90-9000
2282,암모니아수,ammonia water,,15910,물,Water,11202,생수 생산업,2201.10-0000/2201.90-1000/2201.90-9000/2202.10-1000/2202.10-9000
2289,기밀화학원료,air-tight chemical raw material,,15920,음료 베이스,Beverage base,10219/10220/10741/10743/10795/10796/10797/10799,"기타 수산동물 가공 및 저장처리업/수산식물 가공 및 저장 처리업/식초, 발효 및 화학 조미료 제조업/장류 제조업/인삼식품 제조업/건강 보조용 액화식품 제조업/건강 기능식품 제조업/그 외 기타 식료품 제조업",2106.90-1010/2106.90-1020/2106.90-1090
2290,정밀화학제품,precision chemical products,,15940,과일주스,Fruit juice,10309,기타 과실 채소 가공 및 저장처리업,2009.11-0000/2009.71-0000/2009.79-0000/2009.81-0000/2009.89-1010/2009.89-1020/2009.89-1030/2009.89-1090/2009.90-1010/2009.90-1020/2009.90-1030/2009.90-1090/2009.69-0000/2009.61-0000/2009.49-0000/2009.12-0000/2009.19-0000/2009.21-0000/2009.29-0000/2009.31-1000/2009.31-2000/2009.31-9000/2009.39-1000/2009.39-2000/2009.39-9000/2009.41-0000/2202.99-2000
2512,고지,unbleached kraft paper,,15990,음료,Beverage,10309,기타 과실 채소 가공 및 저장처리업,2009.50-0000/2009.89-2000/2009.90-2000/2009.90-9000/2106.90-2000/2202.91-0000/2202.99-3000/2202.99-9000
2522,인쇄용지,printing paper,,16110,껌,Gum,10713,과자류 및 코코아 제품 제조업,1704.10-0000
2525,크라프트지,Kraft paper,,16120,사탕,Candy,10713,과자류 및 코코아 제품 제조업,1704.90-1000/1704.90-2010/1704.90-2020/1704.90-2090/1704.90-9000
2527,골판지원지,corrugated paper,,16130,비스킷,biscuit,10712,빵류 제조업,1905.31-0000/1905.90-1020/1905.90-1040/1905.90-1050
2529,종이제품,paper products,,16900,농산가공품,agricultural products,10309,기타 과실 채소 가공 및 저장처리업,2209.00-9000/2008.99-9000/2008.99-4000/2008.99-3000/2008.99-2000/2008.99-1000/2008.97-9000/2008.97-2000/2008.97-1090/2008.97-1010/2008.93-0000/2008.91-0000/2008.80-0000/2008.70-9000/2101.20-1000/2101.20-9011/2209.00-1000/2106.90-9080/2106.90-9070/2106.90-9050/2106.10-9030/2106.10-9020/2106.10-1000/2104.20-0000/2104.10-9000/2101.30-9000/2101.30-1000/2101.20-9090/2101.20-9019/2008.70-1000/2008.60-0000/2008.50-0000/1905.90-9020/1905.90-9010/1901.90-9099/1901.90-9092/1901.90-9091/1901.90-9010/1901.90-2020/1901.90-2010/1901.90-1000/1806.90-2999/0813.50-0000/0403.20-9000/0403.20-2000/1905.90-9090/2001.90-1000/2008.40-0000/2008.30-9000/2008.30-1000/2008.20-0000/2008.19-9000/2008.19-3000/2008.19-2000/2007.99-9000/2007.99-1000/2007.91-9000/2007.91-1000/2007.10-0000/2005.99-1000/0403.20-1000
2900,화학공업제품,chemical industrial products,,17000,종자류,Seeds,,,1209.10-0000/1209.91-9000/1209.91-5000/1209.91-4000/1209.91-3000/1209.91-2000/1209.91-1090/1209.91-1010/1209.30-0000/1209.29-9000/1209.29-3000/1209.29-2000/1209.29-1000/1209.25-0000/1209.24-0000/1209.23-0000/1209.22-0000/1209.21-0000/1211.20-3200
3109,플라스틱제품,Plastic products,,19120,모,wool,33999,그 외 기타 달리 분류 되지 않은 제품 제조업,5104.00-0000/5105.10-0000/5105.21-0000/5105.29-0000/5105.31-0000/5105.39-0000/5105.40-0000
4412,직물제의류,textile clothing,,19130,면,cotton,,,5201.00-1000/5202.99-0000/5202.91-0000/5202.10-0000/5201.00-9060/5201.00-9050/5201.00-9030/5201.00-9020/5201.00-9010/5203.00-0000
4490,의섬유제품,textile products,,22110,쇠고기,Beef,10111/10122,육류 도축업(가금류 제외)/육류 포장육 및 냉동육 가공업(가금류 제외),0201.10-0000/1602.50-1000/0210.99-1010/0210.20-9000/0210.20-1000/0206.29-9000/0206.29-2000/0206.29-1000/0206.22-0000/0206.21-0000/0206.10-0000/0202.30-0000/0202.20-9000/0202.20-1000/0202.10-0000/0201.30-0000/0201.20-9000/0201.20-1000/1602.50-9000
5116,위생용품,sanitary products,,22120,돼지고기,Pork,10111,육류 도축업(가금류 제외),0203.11-0000/0209.10-0000/0210.11-0000/0210.12-0000/0210.19-0000/1602.41-1000/1602.41-9000/1602.42-1000/1602.42-9000/1602.49-1000/0206.49-9000/0206.49-1000/0203.12-0000/0203.19-1000/0203.19-9000/0203.21-0000/0203.22-0000/0203.29-1000/0203.29-9000/0206.30-0000/0206.41-0000/1602.49-9000
5253,유리공예품,glasswork,,22130,양고기,Lamb,10122,육류 포장육 및 냉동육 가공업(가금류 제외),0204.10-0000/0204.21-0000/0204.22-0000/0204.23-0000/0204.30-0000/0204.41-0000/0204.42-0000/0204.43-0000/0204.50-0000
6172,주철,cast iron,,22190,육류,meats,10111/10122,육류 도축업(가금류 제외)/육류 포장육 및 냉동육 가공업(가금류 제외),0208.30-0000/0504.00-2000/0504.00-1090/0504.00-1039/0504.00-1031/0504.00-1029/0504.00-1021/0504.00-1010/0210.99-9090/0210.99-1090/0210.93-0000/0210.92-2000/0210.92-1000/0210.91-0000/0208.90-9090/0208.50-0000/0504.00-3000
6184,고철,scrap metal,,23110,우지,cow oil,10403,식용 정제유 및 가공유 제조업,1502.10-1010/1502.10-1090/1502.10-9000/1502.90-1000/1516.10-1000
6211,알루미늄괴 및 스크랩,Aluminum ingots and scraps,,24110,소시지,Sausage,10122/10129,"육류 포장육 및 냉동육 가공업(가금류 제외),육류 기타 가공 및 저장처리업(가금류 제외)",1601.00-1000/1601.00-9000
6212,알루미늄조가공품,Aluminum manufactured goods,,24190,육류가공품,meat-processed goods,10793,수프 및 균질화 식품 제조업,1602.10-0000/1602.20-1000/1602.20-9000/1602.90-1000/1602.90-9000/1603.00-1000/1603.00-2000/2104.10-1000
6221,동괴 및 스크랩,Copper and scrap,,24210,꿀,Honey,,,0409.00-0000/1702.90-1000
6231,니켈괴 및 스크랩,Nickel Bulk and Scrap,,24220,로얄제리,Royal jelly,,,0410.90-2000/2106.90-9091/2106.90-9099
6232,니켈조가공품,nickel fabricated goods,,24310,우유,Milk,10501,액상시유 및 기타 낙농 제품 제조업,0401.10-0000/0401.20-0000/0401.40-1000/0401.40-9000/0401.50-1000/0401.50-9000
6251,연괴 및 스크랩,Kneading and Scrap,,24320,분유,powdered milk,10501,액상시유 및 기타 낙농 제품 제조업,0402.10-1010/0402.10-1090/0402.10-9000/0402.21-1000/0402.21-9000/0402.29-0000/1901.10-1010
6252,연조가공품,soft goods,,24330,버터,Butter,10501,액상시유 및 기타 낙농 제품 제조업,0405.10-0000/0405.20-0000/0405.90-0000
6261,아연괴 및 스크랩,Zinc clots and scraps,,24340,치즈,Cheese,10501,액상시유 및 기타 낙농 제품 제조업,0406.10-1010/0406.90-4000/0406.90-3000/0406.90-2000/0406.90-1000/0406.40-0000/0406.30-0000/0406.20-0000/0406.10-2000/0406.10-1090/0406.10-1020/0406.90-9000
6290,비철금속제품,nonferrous metal products,,24390,낙농품,dairy products,10501,액상시유 및 기타 낙농 제품 제조업,0402.91-1000/0404.10-2139/0404.10-2191/0404.10-2199/0404.10-2910/0404.10-2990/0404.90-1000/0404.90-2000/1901.10-1090/2106.90-9021/2106.90-9022/2106.90-9023/0404.10-2131/0404.10-2129/0402.91-9000/0402.99-1000/0402.99-9000/0403.90-1000/0404.10-1011/0404.10-1019/0404.10-1091/0404.10-1099/0404.10-2111/0404.10-2119/0404.10-2121/2106.90-9030
7112,펌프,Pumping,,24500,단백질류,Proteins,20493,접착제 및 젤라틴 제조업,3501.10-1000/3503.00-1020/3503.00-2000/3503.00-3000/3504.00-1010/3504.00-1020/3504.00-2010/3504.00-2020/3504.00-2030/3504.00-2090/3503.00-1010/3502.90-9000/3501.10-9000/3501.90-1110/3501.90-1190/3501.90-1200/3501.90-2000/3502.11-0000/3502.19-0000/3502.20-0000/3502.90-1000/3504.00-3000
7216,화학기계,chemical machinery,,25000,모류,animal hair,33999,그 외 기타 달리 분류 되지 않은 제품 제조업,0502.10-0000/5103.20-0000/5103.10-0000/5102.20-0000/5102.19-0000/5102.11-0000/5101.30-0000/5101.29-0000/5101.21-0000/5101.19-0000/5101.11-0000/0511.99-5090/0511.99-5030/0505.90-9000/0505.90-1000/0505.10-0000/0502.90-0000/5103.30-0000
7231,금속절삭가공기계,Metal cutting machine,,31100,원목,solid wood,,,4403.99-9000/4403.95-0000/4403.94-0000/4403.93-0000/4403.91-0000/4403.49-9000/4403.49-5000/4403.49-4000/4403.49-3000/4403.49-2000/4403.49-1000/4403.42-0000/4403.96-0000/4403.97-1000/4403.97-2000/4403.99-4000/4403.99-3060/4403.99-3040/4403.99-3030/4403.99-2000/4403.99-1090/4403.99-1050/4403.99-1040/4403.99-1020/4403.99-1010/4403.98-0000/4403.41-0000/4403.26-9000/4403.24-1000/4403.23-2000/4403.23-1000/4403.22-9000/4403.22-2000/4403.22-1000/4403.21-9000/4403.21-2000/4403.21-1000/4403.12-9000/4403.12-1000/4403.24-2000/4403.25-1000/4403.25-2010/4403.26-5000/4403.26-4000/4403.26-2090/4403.26-2020/4403.26-2010/4403.26-1000/4403.25-9000/4403.25-5000/4403.25-4000/4403.25-2090/4403.25-2020/4403.11-0000
7251,건설중장비,Construction heavy equipment,,41900,어류,Fish,,,0301.11-1000/0301.11-9000/0301.19-0000/0301.91-0000/0301.93-1000/0301.93-9000/0301.99-2000/0301.99-4010/0301.99-4091/0301.99-4099/0301.99-5000/0301.99-6000/0301.99-7000/0301.99-9010/0301.99-9020/0301.99-9040/0301.99-9051/0301.99-9059/0301.99-9060/0301.99-9070/0301.99-9080/0301.99-9091/0301.99-9092/0301.99-9095/0301.99-9099/0302.11-0000/0302.13-0000/0302.14-0000/0302.19-0000/0302.23-0000/0302.29-0000/0302.41-0000/0302.42-0000/0302.43-0000/0302.44-0000/0302.45-0000/0302.46-0000/0302.47-0000/0302.49-1000/0302.49-2000/0302.49-3000/0302.49-9000/0302.52-0000/0302.56-0000/0302.59-0000/0302.71-0000/0302.72-0000/0302.73-0000/0302.79-0000/0302.81-0000/0302.82-0000/0302.83-0000/0302.84-0000/0302.85-0000/0302.89-1000/0302.89-3000/0302.89-4000/0302.89-5000/0302.89-6000/0302.89-9020/0302.89-9040/0302.89-9090/0303.11-0000/0303.12-0000/0303.13-0000/0303.14-0000/0303.19-0000/0303.23-0000/0303.24-0000/0303.25-0000/0303.29-0000/0303.33-0000/0303.39-1000/0303.39-9000/0303.51-0000/0303.53-0000/0303.54-0000/0303.55-0000/0303.56-0000/0303.57-0000/0303.59-1000/0303.59-2000/0303.59-9000/0303.64-0000/0303.68-0000/0303.69-1000/0303.69-9000/0303.81-0000/0303.82-1000/0303.82-2000/0303.83-0000/0303.84-0000/0303.89-3010/0303.89-3020/0303.89-3090/0303.89-4000/0303.89-6000/0303.89-8000/0303.89-9010/0303.89-9020/0303.89-9030/0303.89-9040/0303.89-9050/0303.89-9060/0303.89-9070/0303.89-9080/0303.89-9091/0303.89-9092/0303.89-9093/0303.89-9099/0305.41-0000
7290,산업기계,industrial machinery,,47000,수산부산물,fishery by-products,10219,기타 수산동물 가공 및 저장처리업,0303.91-1000/1603.00-4000/1603.00-3000/1521.90-1000/1516.10-2000/1504.30-9000/1504.30-1000/1504.20-0000/1504.10-9000/1504.10-1000/0511.99-6000/0511.91-9000/0511.91-2000/0511.91-1090/0511.91-1010/1603.00-9000
7331,의료용기기,medical equipment,,111100,금,gold,6200,비철금속 광업,2616.90-1000/7108.20-0000/7108.13-9090/7108.13-9020/7108.13-9010/7108.13-1090/7108.13-1010/7108.12-9000/7108.12-1000/7108.11-0000/7109.00-0000
7332,의료용기기부품,Medical equipment components,,112000,철광,iron mine,7210,화학용 및 비료원료용 광물 광업,2502.00-0000/2601.11-1000/2601.11-2000/2601.11-9000/2601.12-1000/2601.12-2000/2601.12-9000/2601.20-0000
7411,승용차,Car,,113000,동광,copper mine,6200,비철금속 광업,2603.00-0000
7420,자동차 부품,automobile parts,,114000,알루미늄광,aluminum ore,6200,비철금속 광업,2606.00-0000
7442,철도차량부품,Railway vehicle parts,,116000,아연광,zinc ore,6200,비철금속 광업,2608.00-0000
7901,기계류,Machinery,,119000,금속광물,metallic mineral,33999,그 외 기타 달리 분류 되지 않은 제품 제조업,7112.99-9000/2620.29-0000/2620.21-0000/2620.19-0000/2620.11-0000/2619.00-9000/2619.00-3000/2619.00-2000/2619.00-1090/2619.00-1010/2620.30-0000/2620.40-0000/2620.60-0000/7112.99-2000/7112.99-1000/7112.92-9000/7112.92-1000/7112.91-9000/7112.91-1000/7112.30-0000/2620.99-0000/2620.91-0000/2618.00-0000/2617.90-9000/2617.90-4000/2611.00-9000/2611.00-2000/2611.00-1000/2610.00-0000/2607.00
7902,기계류부품,Machine parts,,122000,소금,Salt,7220,천일염 생산 및 암염 채취업,2501.00-1010/2501.00-1020/2501.00-9010/2501.00/9020/2501.00-9090
8131,컴퓨터,Computer,,129000,비금속광물,nonmetallic mineral,33999,그 외 기타 달리 분류 되지 않은 제품 제조업,2503.00-0000/2505.10-0000/2505.90-1010/2505.90-1020/2505.90-1090/2505.90-9000/2506.10-1000/2506.10-2000/2506.10-3000/2506.20-0000/2508.30-0000/2508.40-2000/2508.50-1000/2508.50-2000/2508.50-3000/2508.60-0000/2508.70-1000/2508.70-2000/2509.00-0000/2510.10-1000/2510.10-9000/2510.20-1000/2510.20-2000/2510.20-9000/2511.10-0000/2511.20-0000/2512.00-0000/2513.10-1000/2513.10-9000/2513.20-1010/2513.20-1020/2513.20-1030/2513.20-1090/2513.20-2010/2513.20-2020/2513.20-2030/2513.20-2090/2514.00-1000/2514.00-9000/2515.11-1000/2515.11-2000/2515.12-1000/2515.12-2000/2515.20-0000/2516.11-0000/2516.12-0000/2516.20-1000/2516.20-9000/2516.90-1000/2516.90-9000/2517.10-1000/2517.10-2000/2517.10-9000/2517.20-0000/2517.30-0000/2517.41-0000/2517.49-1000/2517.49-2000/2517.49-9000/2519.10-0000/2519.90-2000/2519.90-9000/2520.10-1000/2520.10-2000/2520.20-1000/2520.20-9000/2522.10-0000/2522.20-0000/2522.30-0000/2524.10-0000/2524.90-1000/2524.90-2000/2524.90-9000/2525.10-0000/2525.20-0000/2525.30-0000/2526.10-0000/2526.20-0000/2528.00-1000/2528.00-2000/2528.00-3000/2528.00-4000/2528.00-9000/2529.10-0000/2529.21-1000/2529.21-9000/2529.22-1000/2529.22-9000/2529.30-1000/2529.30-2000/2529.30-3000/2530.10-1000/2530.10-2000/2530.20-0000/2530.90-3000/2530.90-5000/2530.90-6000/2530.90-7000/2530.90-8000/2530.90-9010/2530.90-9020/2530.90-9030/2530.90-9040/2530.90-9050/2530.90-9091/2530.90-9099/3802.10-0000/3802.90-1000/3802.90-3000/3802.90-9000/6801.00-0000/6802.10-0000/6802.21-1000/6802.21-2000/6802.21-3000/6802.23-0000/6802.29-1000/6802.29-9000/6802.91-1000/6802.91-2000/6802.91-3000/6802.92-0000/6802.93-0000/6802.99-0000/6803.00-0000/6806.20-1000/6815.99-0000
8132,보조기억장치,Supplementary storage,,131000,원유,crude oil,5200,원유 및 천연가스 채굴업,2709.00-1010/2709.00-1090/2709.00-1080/2709.00-1070/2709.00-1060/2709.00-1050/2709.00-1040/2709.00-1030/2709.00-1020/2709.00-2000
8147,의료용전자기기,medical electronics,,132100,무연탄,anthracite coal,5100,석탄 광업,2701.11-0000
8151,계측기,Measuring instrument,,132200,유연탄,bituminous coal,5100,석탄 광업,2701.12-1000/2701.12-2000/2701.12-9010/2701.12-9090
8156,분석시험기부품,Analysis tester parts,,133400,나프타,naphtha,19210,원유 정체 처리업,2710.12-4000/2710.12-5000/2710.20-1040/2710.20-1050/2710.91-1020/2710.99-1020
8226,마이크 및 헤드폰,Microphone and headphones,,133600,윤활유,Lubricating oil,19210/19221/19229,원유 정체 처리업/윤활유 및 그리스 제조업/기타 석유 정제물 재처리업,2710.99-9000/2710.20-9742/2710.20-9741/2710.20-9733/2710.20-9732/2710.20-9731/2710.20-9725/2710.20-9724/2710.20-9723/2710.20-9722/2710.20-9721/2710.20-9719/2710.20-9713/2710.20-9712/2710.20-9711/2710.20-9743/2710.20-9744/2710.20-9745/2710.99-5000/2710.91-9000/2710.91-5000/2710.20-9900/2710.20-9890/2710.20-9840/2710.20-9830/2710.20-9820/2710.20-9810/2710.20-9790/2710.20-9754/2710.20-9753/2710.20-9752/2710.20-9751/2710.20-9600/2710.20-9520/2710.19-7330/2710.19-7320/2710.19-7310/2710.19-7250/2710.19-7240/2710.19-7230/2710.19-7220/2710.19-7210/2710.19-7190/2710.19-7130/2710.19-7120/2710.19-7110/2710.19-6000/2710.19-5020/2710.19-7410/2710.19-7420/2710.19-7430/2710.20-9510/2710.19-9000/2710.19-8090/2710.19-8040/2710.19-8030/2710.19-8020/2710.19-8010/2710.19-7900/2710.19-7540/2710.19-7530/2710.19-7520/2710.19-7510/2710.19-7450/2710.19-7440/2710.19-5010
8259,난방 및 전열기기,heating equipment,,134010,LNG,LNG,5200,원유 및 천연가스 채굴업,2711.11-0000
9701,무기류,Weapons,,134020,PNG,PNG,5200,원유 및 천연가스 채굴업,2711.21-0000
9702,무기류 부품,weapon parts,,135010,프로판,propane,19210,원유 정체 처리업,2711.12-0000
,,,,135020,부탄,Bhutan,19210,원유 정체 처리업,2711.13-0000
,,,,211040,벤젠,Benzene,20119,석탄 화학계 화합물 및 기타 기초 유기 화학 물질 제조업,2707.10-0000/2902.20-0000
,,,,211090,기초유분,basic oil,20111,석유 화학계 기초 화학 물질 제조업,2711.14-1000/2901.29-2000/2901.29-1000/2901.24-2000/2901.23-0000/2901.10-9000/2901.10-3000/2901.10-2000/2901.10-1000/2711.14-4000/2711.14-3000/2711.14-2000/2901.29-9000
,,,,214001,저밀도 에틸렌,low-density ethylene,20202,합성수지 및 기타 플라스틱 물질 제조업,3901.10-1000/3901.10-9000/3901.30-0000
,,,,214003,발포성 폴리스티렌,foamable polystyrene,20202,합성수지 및 기타 플라스틱 물질 제조업,3903.11-0000
,,,,214008,폴리메타아크릴산메틸,methyl polymethacrylate,20202,합성수지 및 기타 플라스틱 물질 제조업,3906.10-0000/3906.90-9000
,,,,214010,실리콘수지,silicone resin,20202,합성수지 및 기타 플라스틱 물질 제조업,3910.00-9010/3910.00-9020/3910.00-9090
,,,,214014,폴리에스테르수지,polyester resin,20202,합성수지 및 기타 플라스틱 물질 제조업,3907.61-0000/3907.69-0000/3907.99-1000
,,,,214090,합성수지,synthetic resin,20202,합성수지 및 기타 플라스틱 물질 제조업,3907.29-3000
,,,,221200,안료,pigment,20132,"염료, 조제 무기 안료, 유연제 및 기타 착색제 제조업",3204.17-0000/3207.10-0000/3207.20-1000/3207.20-2000/3207.20-9000/3207.30-1000/3207.30-2000/3207.30-3000/3207.30-4000/3207.30-9000/3207.40-0000/3212.10-0000/3212.90-1000/3206.50-0000/3206.49-9000/3205.00-1000/3205.00-9000/3206.11-0000/3206.19-0000/3206.20-0000/3206.41-1000/3206.41-9000/3206.42-1000/3206.42-9000/3206.49-1000/3206.49-5000/3206.49-6000/3212.90-9000
,,,,223000,접착제,Glue,20493,접착제 및 젤라틴 제조업,3505.20-1000/3505.20-2000/3505.20-9000/3506.91-1000/3506.91-9000/3506.99-1000/3506.99-9000
,,,,226200,의약품,Medication,21101,의약용 화합물 및 항생물질 제조업,2818.30-1000/2818.30-9000/2906.13-2000/2933.11-9000/2933.32-1000/2933.32-9000/2933.33-0000/2933.34-0000/2933.35-0000/2933.36-0000/2933.37-0000/2933.39-3000/2933.39-9000/2936.21-0000/2936.22-0000/2936.23-0000/2936.24-0000/2936.25-0000/2936.26-0000/2936.27-1000/2936.27-2000/2936.27-3000/2936.27-9000/2936.28-1000/2936.28-9000/2936.29-1010/2936.29-1090/2936.29-2000/2936.29-3000/2936.29-4000/2936.29-5000/2936.29-9000/2936.90-1000/2936.90-9000/2937.11-1000/2937.11-9000/2937.12-0000/2937.19-1000/2937.19-9000/2937.21-1000/2937.21-2000/2937.21-3000/2937.21-4000/2937.22-0000/2937.23-0000/2937.29-2000/2937.29-9000/2937.50-1000/2937.50-2000/2937.50-9000/2937.90-1000/2937.90-2100/2937.90-2910/2937.90-2990/2937.90-3000/2937.90-9000/2941.10-1000/2941.10-9010/2941.10-9020/2941.10-9090/2941.20-9000/2941.30-1000/2941.30-2000/2941.30-3000/2941.30-9000/2941.40-0000/2941.50-1000/2941.50-9000/2941.90-9000/3001.20-2000/3001.20-9000/3001.90-1010/3001.90-1090/3001.90-2090/3001.90-9010/3001.90-9020/3001.90-9090/3002.12-2000/3002.12-3000/3002.13-0000/3002.14-0000/3002.15-0000/3002.41-0000/3002.42-1000/3002.42-9000/3002.49-1000/3002.49-2000/3002.49-3000/3002.49-4000/3002.51-0000/3002.59-0000/3002.90-1000/3002.90-2000/3002.90-9000/3003.10-1000/3003.10-2000/3003.20-0000/3003.31-0000/3003.39-5000/3003.39-9000/3003.41-0000/3003.42-0000/3003.43-0000/3003.49-0000/3003.60-0000/3003.90-2000/3003.90-3000/3003.90-9000/3004.10-1000/3004.10-2000/3004.20-1000/3004.20-9100/3004.20-9300/3004.20-9900/3004.31-0000/3004.32-0000/3004.39-1010/3004.39-1020/3004.39-3000/3004.39-5000/3004.39-6000/3004.39-7000/3004.39-9000/3004.41-0000/3004.42-0000/3004.43-0000/3004.49-1000/3004.49-2010/3004.49-2020/3004.49-3000/3004.49-9000/3004.50-1000/3004.50-2010/3004.50-2090/3004.50-3000/3004.50-4000/3004.50-9000/3004.60-0000/3004.90-1000/3004.90-9100/3004.90-9200/3004.90-9900/3507.10-0000/3822.11-1000/3822.11-2000/3822.11-9000/3822.12-1000/3822.19-1000
,,,,227310,"향수, 화장수",Perfume or makeup water,20423,화장품 제조업,3303.00-1000/3303.00-2000
,,,,227320,기초화장품,Basic cosmetics,20423,화장품 제조업,3304.10-1000/3304.99-3000/3304.99-2000/3304.99-1000/3304.91-9000/3304.91-2000/3304.91-1000/3304.30-9000/3304.30-1000/3304.20-9000/3304.20-1000/3304.10-9000/3304.99-9000
,,,,227330,두발용 제품,hair products,20423,화장품 제조업,3305.10-0000/3305.20-0000/3305.30-0000/3305.90-1000/3305.90-2000/3305.90-9000
,,,,227340,면도용 제품,shaving products,20423,화장품 제조업,3307.10-1000/3307.10-9000
,,,,227350,인체용 탈취제,deodorant for the human body,20423,화장품 제조업,3307.20-0000
,,,,227360,목욕용 제품,bath products,20423,화장품 제조업,3307.30-1000/3307.30-2000
,,,,227370,세안용품,Washing items,20422,"치약, 비누 및 기타 세제 제조업",3401.11-9000/3401.30-0000
,,,,227390,화장품,Cosmetics,20423,화장품 제조업,3307.90-4000/3307.90-9000
,,,,228200,암모니아수,ammonia water,20129,기타 기초 무기 화학 물질 제조업,2814.10-0000/2814.20-0000
,,,,228900,정밀화학원료,precise chemical material,20311,"질소화합물, 질소, 인산 및 갈리질 화학비료 제조업",2801.10-0000/2801.20-0000/2801.30-1000/2801.30-2000/2802.00-1000/2802.00-2000/2802.00-3000/2803.00-1000/2803.00-9011/2803.00-9019/2803.00-9090/2804.10-0000/2804.21-0000/2804.29-1000/2804.29-2000/2804.29-3000/2804.29-4000/2804.29-9000/2804.30-0000/2804.40-0000/2804.50-1000/2804.50-2000/2804.61-1010/2804.61-1090/2804.61-9000/2804.69-0000/2804.70-1000/2804.70-9000/2804.80-0000/2804.90-0000/2805.11-0000/2805.12-0000/2805.19-0000/2805.30-1000/2805.30-2000/2805.30-3000/2805.30-4000/2805.30-5000/2805.30-9000/2805.40-0000/2806.10-0000/2806.20-0000/2807.00-2000/2808.00-1010/2808.00-1090/2808.00-2000/2809.10-0000/2809.20-1010/2809.20-1090/2809.20-2000/2810.00-1010/2810.00-1090/2810.00-2000/2810.00-9000/2811.11-1000/2811.11-9000/2811.12-0000/2811.19-2000/2811.19-3000/2811.19-6000/2811.19-9000/2811.21-0000/2811.22-1000/2811.22-9010/2811.22-9090/2811.29-1000/2811.29-2000/2811.29-9000/2812.11-0000/2812.12-0000/2812.13-0000/2812.14-0000/2812.15-0000/2812.16-0000/2812.17-0000/2812.19-0000/2812.90-1000/2812.90-2000/2812.90-3010/2812.90-3090/2812.90-9000/2813.10-0000/2813.90-0000/2815.20-0000/2815.30-0000/2816.10-1000/2816.10-2000/2816.40-0000/2817.00-1000/2817.00-2000/2818.10-1000/2818.10-9000/2818.20-1000/2818.20-9000/2819.10-0000/2819.90-1010/2819.90-1090/2819.90-2000/2820.10-0000/2820.90-0000/2821.10-1000/2821.10-2000/2821.20-0000/2822.00-1010/2822.00-1091/2822.00-1099/2822.00-2010/2822.00-2090/2823.00-1000/2823.00-9000/2824.10-0000/2824.90-1000/2824.90-9000/2825.10-1000/2825.10-2000/2825.10-9000/2825.20-1000/2825.20-2000/2825.30-1000/2825.30-9000/2825.40-1000/2825.40-2000/2825.50-1000/2825.50-2090/2825.60-1000/2825.60-2000/2825.70-1000/2825.70-2000/2825.80-0000/2825.90-1010/2825.90-1020/2825.90-1030/2825.90-1040/2825.90-1090/2825.90-2010/2825.90-2050/2825.90-2090/2825.90-3000/2825.90-9000/2826.12-0000/2826.19-1000/2826.19-3010/2826.19-3090/2826.19-4000/2826.19-5000/2826.19-9000/2826.30-0000/2826.90-1000/2826.90-2000/2826.90-3000/2826.90-4000/2826.90-5000/2826.90-6000/2826.90-9000/2827.10-0000/2827.20-0000/2827.31-0000/2827.32-0000/2827.35-0000/2827.39-1000/2827.39-9000/2827.41-1000/2827.41-2090/2827.49-1000/2827.49-2000/2827.51-1000/2827.51-2000/2827.59-0000/2827.60-1000/2827.60-9010/2827.60-9090/2828.10-0000/2828.90-1000/2828.90-9000/2829.11-0000/2829.19-0000/2829.90-1000/2829.90-9000/2830.10-1000/2830.10-9000/2830.90-1000/2830.90-2000/2831.10-1000/2831.10-2000/2831.90-0000/2832.10-0000/2832.20-0000/2832.30-2000/2832.30-9000/2833.11-0000/2833.19-0000/2833.21-0000/2833.22-1000/2833.22-9000/2833.24-0000/2833.25-9000/2833.27-0000/2833.29-1000/2833.29-2010/2833.29-2090/2833.29-3010/2833.29-3090/2833.29-9000/2833.30-0000/2833.40-1000/2833.40-2000/2833.40-9000/2834.10-0000/2834.21-0000/2834.29-1000/2834.29-9000/2835.10-1000/2835.10-9000/2835.22-1000/2835.22-2000/2835.24-0000/2835.25-0000/2835.26-0000/2835.29-1000/2835.29-9000/2835.31-0000/2835.39-1000/2835.39-2000/2835.39-9000/2836.20-0000/2836.30-0000/2836.40-0000/2836.50-0000/2836.60-0000/2836.91-0000/2836.92-0000/2836.99-1010/2836.99-1020/2836.99-1031/2836.99-1039/2836.99-1090/2836.99-2000/2837.11-1000/2837.11-2000/2837.19-1010/2837.19-1020/2837.19-1030/2837.19-1090/2837.19-2000/2837.20-1000/2837.20-2000/2837.20-9000/2839.11-0000/2839.19-0000/2839.90-1000/2839.90-2000/2839.90-9000/2840.11-0000/2840.19-0000/2840.20-0000/2840.30-0000/2841.30-0000/2841.50-0000/2841.61-0000/2841.69-1000/2841.69-2000/2841.69-3000/2841.70-0000/2841.80-0000/2841.90-1000/2841.90-2010/2841.90-2090/2841.90-3000/2841.90-4000/2841.90-5000/2841.90-9010/2841.90-9020/2841.90-9030/2841.90-9040/2841.90-9090/2842.10-1000/2842.10-9000/2842.90-3000/2842.90-9000/2843.10-0000/2843.21-0000/2843.29-0000/2843.30-1000/2843.30-9000/2843.90-1000/2843.90-9010/2843.90-9090/2844.41-0000/2844.42-0000/2844.43-0000/2844.44-0000/2844.50-0000/2845.10-0000/2845.20-0000/2845.30-0000/2845.40-0000/2845.90-1000/2845.90-2000/2845.90-9000/2846.10-0000/2846.90-1000/2846.90-9000/2849.10-0000/2849.20-0000/2849.90-1000/2849.90-9010/2849.90-9090/2850.00-1000/2850.00-2000/2850.00-3000/2850.00-4000/2850.00-5000/2852.10-0000/2852.90-3000/2852.90-9000/2853.10-0000/2853.90-1000/2853.90-2000/2853.90-9000/2902.90-1000/2902.90-2000/2902.90-3000/2902.90-9000/2903.11-1000/2903.11-2000/2903.12-0000/2903.22-0000/2903.23-0000/2903.29-0000/2903.79-0000/2903.81-0000/2903.82-0000/2903.83-0000/2903.89-0000/2903.91-0000/2903.92-0000/2903.93-0000/2903.94-0000/2903.99-2000/2903.99-9000/2904.10-0000/2904.20-1000/2904.20-9010/2904.20-9090/2904.31-0000/2904.32-0000/2904.33-0000/2904.34-0000/2904.35-0000/2904.36-0000/2904.91-0000/2904.99-0000/2905.17-1000/2905.17-2000/2905.17-3000/2905.19-1000/2905.19-2000/2905.19-4000/2905.19-9010/2905.19-9020/2905.19-9030/2905.19-9090/2905.22-1000/2905.22-9000/2905.29-0000/2905.39-1000/2905.39-2000/2905.39-9000/2905.41-0000/2905.42-0000/2905.43-0000/2905.44-0000/2905.45-0000/2905.49-0000/2905.51-0000/2905.59-0000/2906.11-0000/2906.12-0000/2906.13-1000/2906.19-1000/2906.19-2000/2906.19-9000/2906.21-0000/2906.29-0000/2907.11-2000/2907.12-1000/2907.12-2000/2907.13-1000/2907.13-2000/2907.13-9000/2907.19-1000/2907.19-9000/2907.21-1000/2907.21-2000/2907.29-1000/2907.29-9000/2913.00-0000/2914.13-0000/2914.19-0000/2914.22-2000/2914.23-1000/2914.23-2000/2914.29-1000/2914.29-9000/2914.31-0000/2914.39-0000/2914.40-1000/2914.40-9000/2914.50-1000/2914.50-9000/2914.61-0000/2914.62-0000/2914.69-1000/2914.69-9000/2914.71-0000/2914.79-9000/2915.11-0000/2915.12-1000/2915.12-9000/2915.13-0000/2915.24-0000/2915.29-1000/2915.29-2000/2915.29-3000/2915.29-9000/2915.33-1000/2915.33-9000/2915.36-0000/2915.39-1000/2915.39-2000/2915.39-3000/2915.39-5000/2915.39-9000/2915.40-1000/2915.40-9000/2915.50-0000/2915.60-0000/2915.70-1000/2915.70-2010/2915.70-2020/2915.70-2030/2915.70-2040/2915.70-2050/2915.70-2060/2915.70-2070/2915.70-2080/2915.70-2090/2915.90-1000/2915.90-9010/2915.90-9020/2915.90-9090/2916.15-1000/2916.15-2000/2916.15-3000/2916.16-0000/2916.19-0000/2916.20-9000/2916.31-1000/2916.31-2000/2916.31-3000/2916.31-9090/2916.32-1000/2916.32-2000/2916.34-0000/2916.39-1000/2916.39-9090/2917.11-1000/2917.11-2000/2917.11-3000/2917.13-1000/2917.13-2000/2917.19-2000/2917.19-3000/2917.19-9000/2917.20-0000/2917.32-1000/2917.32-9000/2917.33-1000/2917.33-2000/2917.34-1000/2917.34-2000/2917.34-3000/2917.34-9000/2917.36-9000/2917.39-2000/2917.39-3000/2917.39-9000/2918.11-1000/2918.11-2000/2918.11-3000/2918.12-0000/2918.13-1000/2918.13-2000/2918.14-0000/2918.15-1000/2918.15-2000/2918.16-1000/2918.16-2000/2918.16-3000/2918.17-0000/2918.18-0000/2918.19-1010/2918.19-1090/2918.19-2000/2918.19-3000/2918.19-9000/2918.21-0000/2918.22-0000/2918.23-1000/2918.23-2000/2918.29-1000/2918.29-9010/2918.29-9030/2918.29-9090/2918.30-9000/2918.91-0000/2918.99-9000/2919.10-0000/2919.90-1090/2919.90-2000/2919.90-9000/2922.11-1000/2922.11-2000/2922.12-1000/2922.12-2000/2922.14-0000/2922.15-0000/2922.16-0000/2922.17-1000/2922.17-2000/2922.18-0000/2922.19-3000/2922.19-9000/2922.21-1000/2922.21-2000/2922.21-3000/2922.21-9000/2922.29-2000/2922.29-3000/2922.29-9000/2922.31-0000/2922.39-3000/2922.39-9000/2922.41-1000/2922.41-2000/2922.41-3000/2922.42-1000/2922.42-3000/2922.43-0000/2922.44-0000/2922.49-1000/2922.49-2000/2922.49-3000/2922.49-4000/2922.49-7000/2922.49-9000/2922.50-6000/2922.50-9000/2923.10-1000/2923.10-2000/2923.20-1000/2923.20-2000/2923.30-0000/2923.40-0000/2923.90-0000/2924.11-0000/2924.12-0000/2924.19-1000/2924.19-2000/2924.19-9090/2924.21-9000/2924.23-0000/2924.24-0000/2924.25-9000/2924.29-1010/2924.29-1020/2924.29-1090/2924.29-2000/2924.29-9010/2924.29-9020/2924.29-9099/2925.11-2000/2925.12-0000/2925.19-1000/2925.19-9090/2925.21-0000/2925.29-1000/2925.29-9090/2926.20-0000/2926.30-0000/2926.40-0000/2926.90-4000/2926.90-9000/2927.00-1100/2927.00-1900/2927.00-2100/2927.00-2910/2927.00-2990/2927.00-3000/2928.00-3000/2928.00-9000/2929.90-0000/2930.10-0000/2930.20-1090/2930.20-2090/2930.30-1000/2930.30-2000/2930.30-3000/2930.40-0000/2930.60-0000/2930.70-0000/2930.80-0000/2930.90-5030/2930.90-5080/2930.90-6010/2930.90-6090/2930.90-7020/2930.90-7090/2930.90-9010/2930.90-9030/2930.90-9050/2930.90-9090/2931.10-0000/2931.20-0000/2931.41-0000/2931.42-0000/2931.43-0000/2931.44-0000/2931.45-0000/2931.46-0000/2931.47-0000/2931.48-0000/2931.49-0000/2931.51-0000/2931.52-0000/2931.53-0000/2931.54-0000/2931.59-0000/2931.90-1000/2931.90-2000/2931.90-3000/2931.90-4000/2931.90-5000/2931.90-9010/2931.90-9020/2931.90-9090/2932.91-0000/2932.92-0000/2932.93-0000/2932.94-0000/2932.95-0000/2932.96-0000/2932.99-1000/2932.99-9090/2933.21-1000/2933.21-2000/2933.52-0000/2933.53-0000/2933.54-0000/2933.55-0000/2933.69-9010/2933.69-9099/2934.10-1000/2934.10-9090/2934.20-5000/2934.20-6000/2934.20-9000/2934.30-1000/2934.30-9000/2934.91-0000/2934.92-0000/2934.99-5000/2934.99-6000/2934.99-7000/2934.99-9000/2935.10-0000/2935.20-0000/2935.30-0000/2935.40-0000/2935.50-0000/2935.90-5000/2935.90-9000/2940.00-1010/2940.00-1020/2940.00-1030/2940.00-1090/2940.00-2010/2940.00-2090/2942.00-0000/3806.10-1000/3806.10-2000
,,,,229000,정밀화학제품,precision chemical products,20132,"염료, 조제 무기 안료, 유연제 및 기타 착색제 제조업",3814.00-1090/3815.90-9000/3822.12-9000/3822.19-2011/3822.19-2012/3822.19-2013/3822.19-2014/3822.19-2019/3822.19-2020/3822.19-2091/3815.90-1000/3815.19-9000/3814.00-2110/3814.00-2190/3814.00-2900/3815.11-0000/3815.12-1000/3815.12-2000/3815.12-9000/3815.19-1000/3815.19-2000/3822.19-2092/3822.19-2093/3822.19-2099/3823.12-0000/3823.13-0000/3823.19-1000/3823.19-2000/3823.19-9000/3823.70-1000/3823.70-2000/3823.70-3000/3823.70-4000/3823.11-0000/3822.19-3099/3822.19-3011/3822.19-3012/3822.19-3013/3822.19-3014/3822.19-3019/3822.19-3020/3822.19-3091/3822.19-3092/3822.19-3093/3823.70-9090/3201.10-0000/3214.10-2000/3214.10-9000/3214.90-0000/3302.10-1000/3302.10-2011/3302.10-2019/3302.10-2090/3302.90-0000/3507.90-1000/3214.10-1090/3214.10-1080/3201.20-0000/3201.90-0000/3202.10-1000/3202.10-3000/3202.10-9000/3202.90-1000/3202.90-9000/3211.00-0000/3214.10-1060/3507.90-4000/3507.90-6010/3507.90-6020/3811.29-0000/3811.90-0000/3812.10-1000/3812.10-2000/3812.10-9000/3812.20-0000/3812.31-0000/3812.39-1000/3812.39-2000/3811.21-0000/3811.19-0000/3507.90-7000/3507.90-9000/3808.94-0000/3808.99-1000/3808.99-9000/3809.91-0000/3809.92-0000/3809.93-0000/3811.11-0000/3814.00-1020
,,,,251200,고지,unbleached kraft paper,33999,그 외 기타 달리 분류 되지 않은 제품 제조업,4707.10-0000/4707.20-0000/4707.30-0000/4707.90-0000
,,,,252200,인쇄용지,printing paper,17122,인쇄용 및 필기용 원지 제조업,4802.54-1010/4802.62-1010/4802.62-1020/4802.62-1090/4802.69-1010/4802.69-1020/4802.69-1090/4809.90-1000/4809.90-2010/4809.90-2090/4809.90-4000/4809.90-9000/4810.13-1000/4810.14-0000/4810.19-1000/4802.61-1090/4802.61-1010/4802.58-1090/4802.54-1090/4802.54-9010/4802.54-9090/4802.55-1010/4802.55-1020/4802.55-1030/4802.55-1090/4802.56-1010/4802.56-1020/4802.56-1090/4802.57-1010/4802.57-1020/4802.57-1090/4802.58-1010/4810.22-0000
,,,,252500,크라프트지,Kraft paper,17123,크라프트지 및 상자용 판지 제조업,4804.21-0000/4804.29-0000
,,,,252700,골판지원지,corrugated paper,17123,크라프트지 및 상자용 판지 제조업,4804.11-0000/4805.25-1000/4805.24-9000/4805.24-1000/4805.19-0000/4805.12-0000/4805.11-0000/4804.51-0000/4804.41-9000/4804.41-2000/4804.31-9000/4804.19-0000/4805.25-9000
,,,,252900,종이제품,paper products,17129,기타 종이 및 판지 제조업,4810.32-9000/4812.00-0000/4813.10-0000/4813.20-0000/4813.90-0000/4818.30-0000/4818.50-0000/4819.10-0000/4819.20-0000/4819.30-0000/4819.40-0000/4811.60-0000/4811.59-0000/4810.92-9000/4810.99-2000/4810.99-9000/4811.10-0000/4811.41-0000/4811.49-0000/4811.51-1000/4811.51-9011/4811.51-9019/4811.51-9090/4819.50-1000/4819.50-9000/4823.90-3019/4823.90-3021/4823.90-3029/4823.90-3090/4823.90-5000/4823.90-9011/4823.90-9019/4823.90-9090/4908.10-0000/4908.90-1000/4823.90-3011/4823.90-2000/4821.10-0000/4821.90-0000/4822.10-0000/4822.90-0000/4823.20-0000/4823.61-0000/4823.69-0000/4823.70-0000/4823.90-1010/4823.90-1090/4908.90-9000/4810.32-2000/4802.10-0000/4804.39-1000/4804.39-2000/4804.39-3000/4804.39-9000/4804.42-1000/4804.42-9000/4804.49-1000/4804.49-9000/4804.52-3000/4804.52-9000/4804.31-3000/4804.31-2000/4802.20-0000/4802.55-9010/4802.55-9090/4802.56-9010/4802.56-9090/4802.57-9010/4802.57-9090/4802.58-2010/4802.58-2090/4804.31-1000/4804.59-0000/4805.30-0000/4806.40-1000/4806.40-9000/4807.00-0000/4808.10-0000/4808.40-1000/4808.40-9000/4808.90-0000/4809.20-1000/4809.20-2000/4810.31-9000/4806.30-0000/4806.20-0000/4805.40-0000/4805.50-0000/4805.91-1000/4805.91-9010/4805.91-9090/4805.92-1000/4805.92-9000/4805.93-1000/4805.93-9000/4806.10-0000/4810.32-1000
,,,,290000,화학공업제품,chemical industrial products,20111,석유 화학계 기초 화학 물질 제조업,2903.14-0000/2903.19-0000/2903.41-0000/2903.42-0000/2903.43-0000/2903.45-0000/2903.46-0000/2903.47-0000/2903.48-0000/2903.49-1000/2903.49-9000/2903.51-0000/2903.59-0000/2903.61-0000/2903.62-0000/2903.69-0000/2903.71-0000/2903.72-0000/2903.73-0000/2903.74-0000/2903.75-0000/2903.76-0000/2903.77-0000/2903.78-0000/2925.11-1000/2932.11-0000/2932.12-0000/2932.13-1000/2932.13-2000/2932.14-0000/2932.19-9000/2932.20-1010/2932.20-1020/2932.20-1030/2932.20-9010/2932.20-9020/2932.20-9030/2932.20-9040/2932.20-9050/2932.20-9060/2932.20-9070/2932.20-9080/2932.20-9099/2932.99-2000/2933.19-3000/2933.19-9000/2933.29-1000/2933.29-9090/2933.31-1000/2933.31-2000/2933.41-0000/2933.49-1000/2933.49-9090/2933.59-2000/2933.59-3000/2933.61-0000/2933.69-1000/2933.69-2000/2933.72-0000/2933.79-3000/2933.79-9000/2933.91-0000/2933.92-9000/2933.99-1000/2933.99-9090/2938.10-1000/2938.10-2000/2938.90-1000/2938.90-2000/2938.90-3000/2938.90-4000/2938.90-9000/2939.11-1000/2939.11-2000/2939.11-3000/2939.11-4000/2939.11-9000/2939.19-0000/2939.20-0000/2939.30-0000/2939.41-1000/2939.41-9000/2939.42-1000/2939.42-9000/2939.43-0000/2939.44-0000/2939.45-0000/2939.49-0000/2939.51-0000/2939.59-0000/2939.61-1000/2939.61-9000/2939.62-1000/2939.62-9000/2939.63-1000/2939.63-9000/2939.69-0000/2939.72-0000/2939.79-1000/2939.79-9000/2939.80-1090/2939.80-2000/2939.80-9000/3406.00-0000/3407.00-1000/3407.00-2000/3407.00-3000/3601.00-1000/3601.00-2000/3602.00-0000/3603.10-0000/3603.20-0000/3603.30-0000/3603.40-0000/3603.50-0000/3603.60-0000/3604.10-0000/3604.90-1000/3604.90-9000/3606.10-0000/3606.90-0000/3801.10-1000/3801.10-9000/3801.20-0000/3801.30-0000/3801.90-0000/3803.00-0000/3804.00-1000/3804.00-9000/3805.10-1000/3805.10-2000/3805.10-3000/3805.90-0000/3806.20-0000/3806.30-0000/3806.90-0000/3807.00-3000/3807.00-9010/3807.00-9090/3810.10-1000/3810.10-9000/3810.90-1000/3810.90-9000/3813.00-1000/3813.00-2000/3813.00-3000/3819.00-1000/3819.00-2000/3820.00-1000/3820.00-2000/3821.00-0000/3824.10-0000/3824.30-0000/3824.40-0000/3824.50-0000/3824.81-0000/3824.82-0000/3824.83-0000/3824.84-0000/3824.85-0000/3824.86-0000/3824.87-0000/3824.88-0000/3824.89-0000/3824.91-0000/3824.92-0000/3824.99-1000/3824.99-2100/3824.99-2290/3824.99-2900/3824.99-3100/3824.99-3910/3824.99-3990/3824.99-4100/3824.99-4200/3824.99-4300/3824.99-4400/3824.99-5100/3824.99-5200/3824.99-5300/3824.99-6100/3824.99-6200/3824.99-6300/3824.99-6400/3824.99-6500/3824.99-6600/3824.99-7100/3824.99-7200/3824.99-7300/3824.99-7400/3824.99-7500/3824.99-7600/3824.99-7700/3824.99-8000/3824.99-9010/3824.99-9020/3824.99-9030/3824.99-9040/3824.99-9051/3824.99-9052/3824.99-9090/3826.00-0000/3827.11-1000/3827.11-9000/3827.12-0000/3827.12-0000/3827.13-0000/3827.14-0000/3827.20-0000/3827.31-0000/3827.32-0000/3827.39-0000/3827.40-0000/3827.51-0000/3827.59-0000/3827.61-0000/3827.62-0000/3827.63-0000/3827.64-0000/3827.65-0000/3827.68-0000/3827.69-0000/3827.90-0000/6815.12-0000/6815.13-1000/6815.13-9000/6815.19-1000/6815.19-9000/6815.20-0000/6815.91-0000
,,,,310900,플라스틱제품,Plastic products,22259,기타 플라스틱 발포 성형제품 제조업,3912.11-0000/3912.12-0000/3912.20-0000/3912.31-1000/3912.31-9000/3912.39-1000/3912.39-9000/3912.90-0000/3913.10-1000/3913.10-2000/3913.10-9000/3913.90-2010/3913.90-2090/3913.90-9000/3915.10-1000/3915.10-2000/3915.10-3000/3915.10-4000/3915.10-9000/3915.20-1000/3915.20-9000/3915.30-1000/3915.30-9000/3915.90-1000/3915.90-2000/3915.90-3000/3915.90-4000/3915.90-5000/3915.90-9010/3915.90-9020/3915.90-9030/3915.90-9090/3916.10-0000/3916.20-0000/3916.90-1000/3916.90-2000/3916.90-3000/3916.90-4000/3916.90-9000/3919.10-0000/3919.90-0000/3920.30-0000/3920.43-0000/3920.49-0000/3920.51-0000/3920.59-0000/3920.61-0000/3920.63-0000/3920.69-0000/3920.71-0000/3920.73-0000/3920.79-1000/3920.79-9000/3920.91-0000/3920.93-0000/3920.94-0000/3920.99-1000/3920.99-9010/3920.99-9020/3920.99-9090/3921.11-0000/3921.12-0000/3921.13-0000/3921.14-0000/3921.19-3010/3921.19-3090/3921.19-4010/3921.19-4030/3921.19-4090/3921.19-5000/3921.19-9040/3921.19-9090/3921.90-3000/3921.90-4010/3921.90-4020/3921.90-5000/3921.90-6010/3921.90-6030/3921.90-6090/3921.90-7000/3921.90-9010/3921.90-9030/3921.90-9040/3921.90-9050/3921.90-9090/3922.10-1000/3922.10-2000/3922.10-3000/3922.20-0000/3922.90-1000/3922.90-9000/3923.10-0000/3923.21-0000/3923.29-0000/3923.30-0000/3923.40-0000/3923.50-0000/3923.90-0000/3924.90-1000/3924.90-2000/3924.90-9000/3925.10-0000/3925.20-0000/3925.30-0000/3925.90-0000/3926.20-0000/3926.30-0000/9406.90-1000
,,,,441202,신사복,gentleman's suit,14111,남자용 겉옷 제조업,6203.11-0000/6203.12-0000/6203.19-0000
,,,,441205,신사복 상의,gentleman's coat,14111,남자용 겉옷 제조업,6203.31-0000/6203.32-0000/6203.33-0000/6203.39-0000
,,,,441206,여성 양복 상의,women's suit jacket,14112,여자용 겉옷 제조업,6204.31-0000/6204.32-0000/6204.33-0000/6204.39-1000/6204.39-9000
,,,,441207,남성 바지,men's pants,14111,남자용 겉옷 제조업,6203.41-0000/6203.42-1000/6203.42-9000/6203.43-0000/6203.49-0000
,,,,441208,여성 바지 스커트,women's pants skirt,14112,여자용 겉옷 제조업,6204.51-0000/6204.69-1000/6204.63-0000/6204.62-9000/6204.62-1000/6204.61-0000/6204.59-9000/6204.59-1000/6204.53-0000/6204.52-0000/6204.69-9000
,,,,441209,드레스,Dress,14112,여자용 겉옷 제조업,6204.41-0000/6204.42-0000/6204.43-0000/6204.44-0000/6204.49-1000/6204.49-9000
,,,,441210,블라우스,Blouse,14120,속옷 및 잠옷 제조업,6206.10-0000/6206.20-0000/6206.30-0000/6206.40-1000/6206.40-2000/6206.90-0000
,,,,441212,운동복,sportswear,14130/14199,한복 제조업/그 외 기타 봉제의복 제조업,6211.11-1000/6211.49-1000/6211.43-2000/6211.43-1000/6211.42-9000/6211.42-1000/6211.39-9000/6211.39-1000/6211.33-2000/6211.33-1000/6211.32-9000/6211.32-1000/6211.12-9000/6211.12-1000/6211.11-9000/6211.49-9000
,,,,441213,남성 셔츠,men's shirt,14120,속옷 및 잠옷 제조업,6205.20-0000/6205.30-1000/6205.30-2000/6205.90-0000
,,,,441214,잠옷,Pajamas,14191,셔츠 및 블라우스 제조업,6207.21-0000/6207.22-1000/6207.22-2000/6207.29-0000/6208.21-0000/6208.22-1000/6208.22-2000/6208.29-0000
,,,,441215,내복,underwear,14191,셔츠 및 블라우스 제조업,6207.11-0000/6208.92-2000/6208.92-1000/6208.91-0000/6208.19-0000/6208.11-2000/6208.11-1000/6207.99-9000/6207.99-3020/6207.99-3010/6207.99-2000/6207.99-1000/6207.91-0000/6207.19-9000/6207.19-1000/6208.99-0000
,,,,441216,유아용 의류,baby clothes,14194,유아용 의복 제조업,6209.20-1000/6209.20-2000/6209.30-1000/6209.30-2000/6209.90-1000/6209.90-2000
,,,,441217,코팅제 의류,coated clothing,14199,그 외 기타 봉제의복 제조업,6210.10-1000/6210.30-9010/6210.30-9020/6210.30-9030/6210.40-1000/6210.40-2000/6210.40-3000/6210.50-1000/6210.50-2000/6210.30-1030/6210.30-1020/6210.10-2000/6210.20-1010/6210.20-1020/6210.20-1030/6210.20-9010/6210.20-9020/6210.20-9030/6210.30-1010/6210.50-3000
,,,,441220,의류 부속품,clothing accessories,14499,그 외 기타 의복 액세서리 제조업,6217.10-0000/6217.90-0000
,,,,449001,양탄자,carpet,13910,"카펫, 마루덮개 및 유사 제품 제조업",5701.10-0000/5702.92-0000/5702.99-0000/5703.10-0000/5703.29-0000/5703.39-0000/5703.90-0000/5704.10-0000/5704.20-0000/5704.90-0000/5702.91-0000/5702.50-0000/5701.90-0000/5702.10-0000/5702.20-0000/5702.31-0000/5702.32-0000/5702.39-0000/5702.41-0000/5702.42-0000/5702.49-0000/5705.00-0000
,,,,449002,모포 및 여행용 깔개,blanket and travel rug,28512,가정용 전기 난방기기 제조업,6301.10-0000/6301.20-0000/6301.30-0000/6301.40-0000/6301.90-0000
,,,,449003,실내용품,indoor goods,13221,침구 및 관련제품 제조업,6302.10-1000/6302.91-0000/6302.93-0000/6302.99-0000/6304.11-0000/6304.19-0000/6304.20-0000/6304.91-0000/6304.92-0000/6304.93-0000/6302.60-0000/6302.59-0000/6302.53-0000/6302.10-9000/6302.21-0000/6302.22-0000/6302.29-0000/6302.31-0000/6302.32-0000/6302.39-0000/6302.40-0000/6302.51-0000/6304.99-0000
,,,,449004,포장용 빈포대,packing bag,13225,직물포대 제조업,6305.10-0000/6305.20-0000/6305.32-0000/6305.33-0000/6305.39-0000/6305.90-0000
,,,,449007,로프,rope,13921,끈 및 로프 제조업,5607.21-0000/5609.00-3000/5609.00-2000/5609.00-1000/5607.90-9000/5607.90-1000/5607.50-0000/5607.49-0000/5607.41-0000/5607.29-0000/5609.00-9000
,,,,449009,침구 이불,bedclothes,32011,매트리스 및 침대 제조업,9404.21-0000/9404.29-0000/9404.30-0000/9404.40-0000/9404.90-0000
,,,,449010,장갑,Gloves,14499,그 외 기타 의복 액세서리 제조업,4203.29-1000/4203.29-2000/4203.29-9000
,,,,449090,의섬유제품,textile products,13999,그 외 기타 분류 안된 금속가공제품 제조업,9404.21-0000/9404.29-0000/9404.30-0000/9404.40-0000/9404.90-0000
,,,,511610,표면활성제,surface activator,20421,계면활성제 제조업,3402.31-0000/3402.90-2000/3402.90-1000/3402.50-9000/3402.50-2000/3402.50-1000/3402.49-0000/3402.42-9000/3402.42-1000/3402.41-0000/3402.39-0000/3402.90-3000
,,,,511620,왁스,Wax,20424,표면 광택제 및 실내 가향제 제조업,3404.20-0000/3404.90-1010/3404.90-1030/3404.90-1040/3404.90-1090/3404.90-2000
,,,,511630,광택제,polish,20424,표면 광택제 및 실내 가향제 제조업,3405.10-0000/3405.20-0000/3405.30-0000/3405.40-0000/3405.90-1030/3405.90-1090/3405.90-9000
,,,,511640,구강 및 치과 위생 용품,Oral and dental hygiene products,20423,화장품 제조업,3306.10-0000/3306.20-1011/3306.20-1019/3306.20-1020/3306.20-9000/3306.90-1000/3306.90-2000/9603.21-0000/9603.29-0000
,,,,511650,화장지,Toilet paper,17902,위생용 종이제품 제조업,4818.10-0000/4818.20-0000/4818.90-0000
,,,,511660,면도용품,shaving goods,25931,낱붙이 제조업,8212.10-0000/8212.20-0000/8212.90-0000
,,,,525300,유리공예품,glasswork,23199,그 외 기타 유리제품 제조업,7016.10-0000/7018.10-1000/7018.10-2000/7018.10-3000/7018.10-4000/7018.10-9000/7018.20-0000/7018.90-1000/7018.90-9000
,,,,617290,주철,cast iron,25999,그 외 기타 분류 안된 금속가공제품 제조업,7325.10-0000/7325.99-1000/7325.99-9000/7326.20-0000/7326.90-9000
,,,,618400,고철,scrap metal,33999,그 외 기타 달리 분류 되지 않은 제품 제조업,7204.10-0000/7204.21-0000/7204.29-0000/7204.30-0000/7204.41-0000/7204.49-0000/7204.50-0000
,,,,621110,알류미늄괴,aluminum ingot,24212,"알루미늄 제련, 정련 및 합금 제조업",7601.10-0000/7601.20-1000/7601.20-2000/7601.20-9000
,,,,621120,알류미늄스크랩,Aluminium scrap,33999,그 외 기타 달리 분류 되지 않은 제품 제조업,7602.00-1000/7602.00-9000
,,,,621210,알루미늄분,Aluminum powder,24290,기타 1차 비철금속 제조업,7603.10-0000/7603.20-1000/7603.20-2000
,,,,621240,알루미늄판,aluminum foil,24222,"알루미늄 압연, 압출 및 연신제품 제조업",7606.11-1000/7606.11-9000/7606.12-0000/7606.91-1000/7606.91-9000/7606.92-0000
,,,,622120,동괴,lump of copper,24211,"동 제련, 정련 및 합금 제조업",7403.11-0000/7403.29-1020/7403.29-1010/7403.22-0000/7403.21-0000/7403.19-9000/7403.19-2000/7403.19-1000/7403.13-0000/7403.12-0000/7403.29-9000
,,,,622130,동스크랩,copper scrap,33999,그 외 기타 달리 분류 되지 않은 제품 제조업,7404.00-0000/7405.00-0000
,,,,623110,미정제 니켈 괴,unrefined nickel lump,24219,"기타 비철금속 제련, 정련 및 합금 제조업",7501.10-0000/7501.20-1010/7501.20-1090/7501.20-9010/7501.20-9090
,,,,623120,니켈괴,Nickel Bulk,24219,"기타 비철금속 제련, 정련 및 합금 제조업",7502.10-1000/7502.10-9000/7502.20-0000
,,,,623210,니켈분,Nickel powder,24290,기타 1차 비철금속 제조업,7504.00-1000/7504.00-2000
,,,,625110,연괴,Kneading and Scrap,24213,"연 및 아연 제련, 정련 및 합금 제조업",7801.10-1000/7801.10-9000/7801.91-0000/7801.99-1000/7801.99-2010/7801.99-2090
,,,,625120,연스크랩,soft scrap,33999,그 외 기타 달리 분류 되지 않은 제품 제조업,7802.00-0000
,,,,625220,연분,match,24290,기타 1차 비철금속 제조업,7804.20-1000/7804.20-2000
,,,,625240,연판 및 대,lead plate and a lead band,24229,"기타 비철금속 압연, 압출 및 연신 제품 제조업",7804.11-1000/7804.19-0000
,,,,626110,아연괴,zinc ingot,24213,"연 및 아연 제련, 정련 및 합금 제조업",7901.11-0000/7901.12-0000/7901.20-1000/7901.20-9000
,,,,629000,비철금속제품,nonferrous metal products,20129,기타 기초 무기 화학 물질 제조업,8211.10-0000/8112.49-0000/8112.41-0000/8112.39-0000/8112.31-0000/8112.29-0000/8112.22-0000/8112.21-0000/8112.19-0000/8112.13-0000/8112.12-0000/8110.90-0000/8110.20-0000/8110.10-0000/8109.99-9000/8109.99-1090/8112.51-0000/8112.52-0000/8112.59-0000/8113.00-0000/8112.99-9000/8112.99-6000/8112.99-5000/8112.99-3000/8112.99-2000/8112.99-1000/8112.92-9000/8112.92-6000/8112.92-5000/8112.92-3000/8112.92-2000/8112.92-1000/8112.69-0000/8112.61-0000/8109.99-1030/8109.99-1020/8106.90-1000/8106.10-9000/8106.10-3000/8106.10-1000/8105.90-0000/8105.30-0000/8105.20-3000/8105.20-2000/8105.20-1000/8103.99-0000/8103.91-0000/8103.30-0000/8103.20-2000/8103.20-1000/2844.30-9000/8106.90-3000/8106.90-9000/8108.20-1000/8109.99-1010/8109.91-9000/8109.91-1090/8109.91-1030/8109.91-1020/8109.91-1010/8109.39-0000/8109.31-0000/8109.29-0000/8109.21-0000/8108.90-9000/8108.90-2000/8108.90-1000/8108.30-0000/8108.20-2000/2844.30-1000
,,,,711210,액체펌프,liquid pump,29131,액체 펌프 제조업,8413.11-0000/8413.60-9020/8413.60-9030/8413.60-9090/8413.70-3000/8413.70-9010/8413.70-9020/8413.70-9090/8413.81-1000/8413.81-9000/8413.60-9010/8413.60-4000/8413.19-0000/8413.20-0000/8413.30-9000/8413.40-0000/8413.50-4000/8413.50-9010/8413.50-9020/8413.50-9030/8413.50-9090/8413.82-0000
,,,,711220,기체펌프,gas pump,29132,기체 펌프 및 압축기 제조업,8414.10-9020/8414.80-9230/8414.80-9220/8414.80-9210/8414.80-9190/8414.80-1000/8414.59-9000/8414.40-0000/8414.30-2000/8414.30-1000/8414.20-0000/8414.10-9090/8414.80-9900
,,,,711230,펌프부품,Pump parts,29131,액체 펌프 제조업,8413.91-1000/8414.90-9020/8414.90-9010/8414.90-1000/8413.92-0000/8413.91-9000/8413.91-5000/8413.91-4000/8413.91-3000/8413.91-2000/8414.90-9090
,,,,721610,화학기계,chemical machinery,28520,가정용 비전기식 조리 및 난방 기구 제조업,8419.11-0000/8419.89-9010/8419.89-9020/8419.89-9030/8419.89-9040/8419.89-9050/8419.89-9060/8419.89-9070/8419.89-9080/8419.89-1000/8419.81-0000/8419.12-0000/8419.19-0000/8419.33-0000/8419.34-0000/8419.35-0000/8419.39-0000/8419.40-0000/8419.60-0000/8419.89-9090
,,,,721620,화학기계 부품,chemical mechanical components,29172,공기 조화장치 제조업,8419.90-1000/8419.90-9010/8419.90-9020/8419.90-9030/8419.90-9040/8419.90-9090
,,,,723100,금속절삭가공기계,Metal cutting machine,29221,전자 응용 절삭기계 제조업,8462.19-1000/8460.24-9000/8460.24-2000/8460.24-1000/8460.23-0000/8460.22-0000/8460.19-0000/8460.12-0000/8459.70-9000/8459.70-1000/8459.69-9000/8459.69-1000/8459.61-9000/8459.61-2000/8459.61-1000/8459.59-0000/8460.29-1000/8460.29-2000/8461.90-0000/8461.50-0000/8461.40-2000/8461.40-1090/8461.40-1010/8461.30-0000/8461.20-0000/8460.90-0000/8460.40-2000/8460.40-1000/8460.39-0000/8460.31-0000/8460.29-9000/8460.29-4000/8460.29-3000/8459.51-0000/8459.49-0000/8459.41-9000/8457.10-9090/8457.10-9030/8457.10-9020/8457.10-9010/8457.10-4000/8456.90-0000/8456.50-0000/8456.40-0000/8456.30-9000/8456.30-1090/8456.30-1010/8456.20-0000/8456.12-9000/8456.12-1000/8456.11-9000/8457.20-0000/8457.30-0000/8459.41-2000/8459.41-1000/8459.39-0000/8459.31-0000/8459.29-9000/8459.29-3000/8459.29-2000/8459.29-1000/8459.21-9000/8459.21-1000/8459.10-0000/8458.99-0000/8458.91-0000/8458.19-0000/8458.11-0000/8456.11-1000
,,,,725130,건설 중장비 부품,Construction Heavy Equipment Parts,29161,산업용 트럭 및 적재기 제조업,8431.41-1000/8431.41-9000/8431.42-0000/8431.43-0000/8431.49-1000/8431.49-2000/8431.49-9000
,,,,725190,건설 중장비,Construction heavy,29241,"건설 및 채업용 기계, 장비 제조업",8429.11-2000/8429.52-1022/8429.52-1090/8429.52-9000/8429.59-0000/8430.10-0000/8430.20-0000/8430.31-0000/8430.39-0000/8430.41-1000/8430.41-2000/8430.49-1000/8430.49-9000/8430.50-0000/8430.61-0000/8429.52-1021/8429.52-1012/8429.52-1011/8429.19-0000/8429.20-0000/8429.30-0000/8429.40-1000/8429.40-2000/8429.51-1011/8429.51-1012/8429.51-1021/8429.51-1022/8429.51-1031/8429.51-1032/8429.51-1091/8429.51-1092/8429.51-9000/8430.69-0000
,,,,729010,산업기계,industrial machinery,29299,그 외 기타 특수목정용 기계 제조업,8421.12-0000/8421.39-2000/8421.39-9011/8421.39-9019/8421.39-9091/8421.39-9092/8421.39-9099/8424.10-0000/8424.20-2010/8424.20-2090/8424.20-9000/8424.30-1000/8424.30-2000/8424.30-9000/8424.89-2000/8421.39-1000/8421.32-0000/8421.31-9000/8421.19-1000/8421.19-2000/8421.19-3000/8421.19-9000/8421.21-1000/8421.21-9010/8421.21-9090/8421.22-0000/8421.23-9000/8421.29-1000/8421.29-2010/8421.29-2090/8421.29-9010/8421.29-9090/8424.89-9000
,,,,729020,산업기계 부품,Industrial machinery parts,29199,그 외 기타 일반 목정용 기계 제조업,8421.91-0000/8421.99-1000/8421.99-9010/8421.99-9091/8421.99-9099/8424.90-1000/8424.90-2000/8424.90-9020/8424.90-9090
,,,,733100,의료용기기,medical equipment,27199,그 외 기타 의료용 기기 제조업,9018.31-0000/9019.10-3000/9019.20-3000/9019.20-8000/9020.00-1000/9020.00-8000/9021.10-0000/9021.21-0000/9021.29-0000/9021.31-0000/9021.39-0000/9021.90-1000/9019.10-1000/9018.90-3000/9018.32-1000/9018.32-2000/9018.32-9000/9018.39-1000/9018.39-2000/9018.39-8000/9018.41-1000/9018.49-1000/9018.49-2000/9018.49-3000/9018.49-8000/9021.90-8000
,,,,733200,의료용기기부품,Medical equipment components,27199,그 외 기타 의료용 기기 제조업,9018.39-9000/9018.41-9000/9018.49-9000/9018.50-9000/9019.10-9000/9019.20-9000/9020.00-9000/9021.90-9000
,,,,741160,"불꽃점화식 1,500cc 초과","Flame ignition exceeding 1,500cc",30121,승용차 및 기타 여객용 자동차 제조업,8703.23-1010/8703.23-1020/8703.23-9010/8703.23-9020/8703.24-1010/8703.24-1020/8703.24-9010/8703.24-9020
,,,,741190,승용차,car,30121,승용차 및 기타 여객용 자동차 제조업,8703.10-1000/8703.10-2000/8703.10-9000/8703.90-0000
,,,,742000,자동차 부품,automobile parts,25943,금속 스프링 제조업,8716.90-9000/8708.70-0000/8708.50-2000/8708.50-1000/8708.40-0000/8708.30-9000/8708.30-3000/8708.30-2000/8708.30-1000/8708.29-0000/8708.22-0000/8708.21-0000/8708.10-0000/8707.90-4000/8708.80-0000/8708.91-0000/8716.90-1000/8709.90-0000/8708.99-9000/8708.99-1050/8708.99-1040/8708.99-1030/8708.99-1020/8708.99-1010/8708.95-9000/8708.95-1000/8708.94-0000/8708.93-0000/8708.92-0000/8707.90-3000/8707.90-2000/8511.20-9000/8511.10-9000/8487.90-1000/8484.10-1000/8483.40-9040/8483.10-9010/8479.90-1030/8479.89-9091/8421.31-1000/8421.23-1000/8413.30-4000/8409.99-7000/7320.20-1000/8511.30-9000/8511.40-9000/8707.90-1000/8707.10-0000/8706.00-5000/8706.00-4000/8706.00-3000/8706.00-2000/8706.00-1000/8512.90-0000/8512.40-0000/8512.30-0000/8511.90-9000/8511.80-9000/8511.50-9000/7320.10-1000
,,,,742010,자동차용 내연기관,automobile internal combustion engine,30110,자동차용 엔진 제조업,8408.20-1000/8409.91-1000
,,,,744200,철도차량부품,Railway vehicle parts,25943,금속 스프링 제조업,7320.10-2000/8607.19-9000/8607.21-0000/8607.29-0000/8607.30-1000/8607.30-2000/8607.30-3000/8607.30-9000/8607.91-0000/8607.19-3000/8607.19-2000/8607.19-1000/7320.20-3000/8407.90-1000/8408.90-1010/8408.90-1090/8409.99-6000/8413.30-2000/8607.11-0000/8607.12-0000/8607.99-0000
,,,,790100,기계류,Machinery,29150,"산업용 오븐, 노 및 노용 버너 제조업",8608.00-2000/8479.82-3000/8479.82-2000/8479.82-1000/8479.81-9000/8479.81-4000/8479.81-3000/8479.81-2090/8479.81-1000/8479.79-0000/8479.82-4000/8479.82-9000/8479.83-0000/8608.00-1000/8514.11-0000/8508.60-0000/8508.19-9000/8484.90-0000/8484.10-9000/8479.89-9099/8479.89-2090/8479.89-2010/8479.71-0000/8479.60-0000/8417.80-1090/8417.80-1030/8417.80-1020/8417.80-1010/8417.20-0000/8417.10-2090/8417.10-2010/8417.10-1090/8417.10-1010/8417.80-2000/8417.80-9000/8478.10-0000/8479.50-9000/8479.50-2000/8479.50-1000/8479.40-0000/8479.30-0000/8479.20-0000/8479.10-9000/8479.10-2000/8479.10-1000/8414.70-0000
,,,,790200,기계류부품,Machine parts,29150,"산업용 오븐, 노 및 노용 버너 제조업",8302.60-0000/8479.90-5090/8479.90-9010/8477.90-9020/8479.90-9030/8479.90-9040/8479.90-9050/8479.90-9070/8479.90-9090/8508.70-2000/8479.90-5010/8479.90-4000/9479.90-2000/9417.90-0000/8478.90-0000/8479.89-1090/8479.89-9010/8479.89-9030/8479.89-9050/8479.89-9060/8479.89-9080/8479.90-1020/8608.00-9000
,,,,813110,휴대용 컴퓨터,portable computer,26310,컴퓨터 제조업,8471.30-0000
,,,,813120,개인용 컴퓨터,personal computer,26310,컴퓨터 제조업,8471.41-1000/8471.50-2000/8471.50-1000/8471.49-9000/8471.49-1090/8471.49-1020/8471.49-1010/8471.41-9000/8471.41-2000/8471.50-9000
,,,,813220,HDD,HDD,26321,기억장치 제조업,8471.70-2020
,,,,814750,혈압측정기,blood pressure meter,27112,전기식 진단 및 요법 기기 제조업,9018.19-4000
,,,,814780,의료용 전자기기 부품,medical electronic parts,27194,의료용 가구 제조업,9018.11-9000/9018.12-9000/9018.13-9000/9018.19-9000/9018.20-9000/9018.90-9000/9402.90-9000
,,,,814790,의료용 전자기기,medical electronic,27194,의료용 가구 제조업,8418.69-1000/9018.90-6000/9018.90-7000/9018.90-8110/9018.90-8190/9018.90-8900/9019.20-2000/9019.20-4000/9021.40-0000/9021.50-0000/9402.10-1000/9402.90-1000/9018.90-2090/9018.90-2010/9018.90-1000/8419.20-0000/8528.59-1010/8528.59-2010/9006.30-0000/9018.14-0000/9018.19-1000/9018.19-7000/9018.19-8000/9018.20-1000/9018.50-1010/9018.50-1090/9402.90-8000
,,,,815110,중량계,heavy meter,29191,일반저울 제조업,8423.10-0000/9016.00-2000/9016.00-1000/8423.89-9090/8423.89-9010/8423.89-1090/8423.89-1010/8423.82-9000/8423.82-1000/8423.81-9000/8423.81-1000/8423.30-9000/8423.30-1000/8423.20-9000/8423.20-2000/8423.20-1000/9016.00-8000
,,,,815120,온도계,Thermometer,27213,"물질 검사, 측정 및 분석기구 제조업",9025.11-1000/9025.11-9000/9025.19-1000/9025.19-2010/9025.19-2090
,,,,815150,속도계,speedometer,27214,속도계 및 적산계기 제조업,9029.10-1000/9029.10-2000/9029.10-9000/9029.20-1010/9029.20-1090/9029.20-2000
,,,,815160,유량압력계,Flow pressure gauge,27213,"물질 검사, 측정 및 분석기구 제조업",9026.10-1000/9026.10-2000/9026.20-2000/9026.20-3000/9026.20-4000/9026.20-9000/9026.80-1000/9026.80-2000/9026.80-9000
,,,,815180,전자계측기,electronic measuring instrument,27212,"전자기 측정, 시험 및 분석기구 제조업",9030.10-0000/9030.84-0000/9030.40-0000/9030.39-9000/9030.39-6000/9030.39-4000/9030.39-3000/9030.39-2000/9030.39-1000/9030.33-9000/9030.32-0000/9030.31-0000/9030.20-0000/9030.89-0000
,,,,815190,계측기,mesuring instrument,27213,"물질 검사, 측정 및 분석기구 제조업",9014.10-1090/9031.20-00009031.49-1000/9031.49-4090/9031.49-9000/9031.80-9010/9031.80-9020/9031.80-9060/9031.80-9070/9031.80-9080/9031.10-0000/9028.20-2000/9028.20-1090/9014.10-2090/9014.10-9000/9014.80-0000/9025.80-1000/9025.80-9000/9028.10-1010/9028.10-1090/9028.10-2000/9028.20-1010/9031.80-9099
,,,,815600,분석시험기부품,Analysis tester parts,26295/27219,"전자 감지장치 제조업/기타 측정, 시험, 항해, 제어 및 정밀기기 제조업",9024.90-9000/9027.90-1000/9027.90-9091/9027.90-9099
,,,,822610,마이크로폰,Microphone,26529,기타 음향기기 제조업,8518.10-1000/8518.10-9010/8518.10-9090
,,,,825900,난방 및 전열기기,heating equipment,28519,기타 가정용 전기기기 제조업,8516.33-0000/8516.60-1000/8516.60-9000/8516.71-0000/8516.79-9000
,,,,970100,무기류,Weapons,25200,무기 및 총포탄 제조업,8710.00-1000/9302.00-1090/9302.00-9010/9302.00-9021/9302.00-9029/9302.00-9030/9302.00-9090/9303.10-0000/9303.90-0000/9304.00-1000/9304.00-9000/9306.21-0000/9306.30-1000/9306.30-9000/9306.90-0000/9302.00-1030/9302.00-1029/9302.00-1021/8710.00-2000/9301.10-1000/9301.10-9000/9301.20-0000/9301.90-1000/9301.90-2010/9301.90-2020/9301.90-2030/9301.90-2090/9301.90-3000/9301.90-4010/9301.90-4090/9301.90-9000/9302.00-1010/9307.00-0000
,,,,970200,무기류 부품,weapon parts,25200,무기 및 총포탄 제조업,8710.00-9000/9305.20-1000/9305.20-9010/9305.20-9020/9305.20-9090/9305.91-1010/9305.91-1020/9305.91-1030/9305.91-1040/9305.91-1050/9305.91-1060/9305.91-1070/9305.91-1080/9305.91-1090/9305.91-9000/9305.99-0000/9305.10-9090/9305.10-9080/9305.10-9070/9305.10-1010/9305.10-1020/9305.10-1030/9305.10-1040/9305.10-1050/9305.10-1060/9305.10-1070/9305.10-1080/9305.10-1090/9305.10-9010/9305.10-9020/9305.10-9030/9305.10-9040/9305.10-9050/9305.10-9060/9306.29-0000
